{
  "IcoMoonType": "selection",
  "icons": [
    {
      "icon": {
        "paths": [
          "M682 256h86v512h-86v-512zM256 768v-512l362 256z"
        ],
        "attrs": [
          {}
        ],
        "isMulticolor": false,
        "isMulticolor2": false,
        "tags": [
          "skip_next"
        ],
        "grid": 24
      },
      "attrs": [
        {}
      ],
      "properties": {
        "order": 1,
        "id": 1,
        "prevSize": 24,
        "code": 59660,
        "name": "skip-forward"
      },
      "setIdx": 3,
      "setId": 4,
      "iconIdx": 1
    },
    {
      "icon": {
        "paths": [
          "M406 512l362-256v512zM256 256h86v512h-86v-512z"
        ],
        "attrs": [
          {}
        ],
        "isMulticolor": false,
        "isMulticolor2": false,
        "tags": [
          "skip_previous"
        ],
        "grid": 24
      },
      "attrs": [
        {}
      ],
      "properties": {
        "order": 1,
        "id": 0,
        "name": "skip-back",
        "prevSize": 24,
        "code": 59659
      },
      "setIdx": 3,
      "setId": 4,
      "iconIdx": 2
    },
    {
      "icon": {
        "paths": [
          "M798.133 353.867c-16.533-16.533-43.733-16.533-60.267 0l-225.867 225.867-225.867-225.867c-16.533-16.533-43.733-16.533-60.267 0s-16.533 43.733 0 60.267l256 256c8.267 8.267 19.2 12.533 30.133 12.533s21.867-4.267 30.133-12.533l256-256c16.8-16.533 16.8-43.733 0-60.267z"
        ],
        "attrs": [],
        "isMulticolor": false,
        "isMulticolor2": false,
        "tags": [
          "chevron-down"
        ],
        "grid": 24
      },
      "attrs": [],
      "properties": {
        "id": 0,
        "order": 32,
        "prevSize": 24,
        "code": 59648,
        "name": "chevron-down"
      },
      "setIdx": 4,
      "setId": 3,
      "iconIdx": 0
    },
    {
      "icon": {
        "paths": [
          "M444.267 512l225.867-225.867c16.533-16.533 16.533-43.733 0-60.267s-43.733-16.533-60.267 0l-256 256c-16.533 16.533-16.533 43.733 0 60.267l256 256c8.267 8.267 19.2 12.533 30.133 12.533s21.867-4.267 30.133-12.533c16.533-16.533 16.533-43.733 0-60.267l-225.867-225.867z"
        ],
        "attrs": [],
        "isMulticolor": false,
        "isMulticolor2": false,
        "tags": [
          "chevron-left"
        ],
        "grid": 24
      },
      "attrs": [],
      "properties": {
        "id": 1,
        "order": 31,
        "prevSize": 24,
        "code": 59649,
        "name": "chevron-left"
      },
      "setIdx": 4,
      "setId": 3,
      "iconIdx": 1
    },
    {
      "icon": {
        "paths": [
          "M670.133 481.867l-256-256c-16.533-16.533-43.733-16.533-60.267 0s-16.533 43.733 0 60.267l225.867 225.867-225.867 225.867c-16.533 16.533-16.533 43.733 0 60.267 8.267 8.267 19.2 12.533 30.133 12.533s21.867-4.267 30.133-12.533l256-256c16.8-16.533 16.8-43.733-0-60.267z"
        ],
        "attrs": [],
        "isMulticolor": false,
        "isMulticolor2": false,
        "tags": [
          "chevron-right"
        ],
        "grid": 24
      },
      "attrs": [],
      "properties": {
        "id": 2,
        "order": 33,
        "prevSize": 24,
        "code": 59650,
        "name": "chevron-right"
      },
      "setIdx": 4,
      "setId": 3,
      "iconIdx": 2
    },
    {
      "icon": {
        "paths": [
          "M798.133 609.867l-256-256c-16.533-16.533-43.733-16.533-60.267 0l-256 256c-16.533 16.533-16.533 43.733 0 60.267s43.733 16.533 60.267 0l225.867-225.867 225.867 225.867c8.267 8.267 19.2 12.533 30.133 12.533s21.867-4.267 30.133-12.533c16.8-16.533 16.8-43.733 0-60.267z"
        ],
        "attrs": [],
        "isMulticolor": false,
        "isMulticolor2": false,
        "tags": [
          "chevron-up"
        ],
        "grid": 24
      },
      "attrs": [],
      "properties": {
        "id": 3,
        "order": 34,
        "prevSize": 24,
        "code": 59651,
        "name": "chevron-up"
      },
      "setIdx": 4,
      "setId": 3,
      "iconIdx": 3
    },
    {
      "icon": {
        "paths": [
          "M512 42.667c-258.667 0-469.333 210.667-469.333 469.333s210.667 469.333 469.333 469.333 469.333-210.667 469.333-469.333-210.667-469.333-469.333-469.333zM512 896c-211.733 0-384-172.267-384-384s172.267-384 384-384c211.733 0 384 172.267 384 384s-172.267 384-384 384z",
          "M554.667 494.4v-238.4c0-23.467-19.2-42.667-42.667-42.667s-42.667 19.2-42.667 42.667v256c0 11.2 4.533 22.133 12.533 30.133l128 128c8.267 8.267 19.2 12.533 30.133 12.533s21.867-4.267 30.133-12.533c16.533-16.533 16.533-43.733 0-60.267l-115.467-115.467z"
        ],
        "attrs": [],
        "isMulticolor": false,
        "isMulticolor2": false,
        "tags": [
          "clock"
        ],
        "grid": 24
      },
      "attrs": [],
      "properties": {
        "id": 4,
        "order": 42,
        "prevSize": 24,
        "code": 59654,
        "name": "clock"
      },
      "setIdx": 4,
      "setId": 3,
      "iconIdx": 4
    },
    {
      "icon": {
        "paths": [
          "M512 85.333c-235.2 0-426.667 191.467-426.667 426.667v298.667c0 70.667 57.333 128 128 128h42.667c70.667 0 128-57.333 128-128v-128c0-70.667-57.333-128-128-128h-85.333v-42.667c0-188.267 153.067-341.333 341.333-341.333s341.333 153.067 341.333 341.333v42.667h-85.333c-70.667 0-128 57.333-128 128v128c0 70.667 57.333 128 128 128h42.667c70.667 0 128-57.333 128-128v-298.667c0-235.2-191.467-426.667-426.667-426.667zM256 640c23.467 0 42.667 19.2 42.667 42.667v128c0 23.467-19.2 42.667-42.667 42.667h-42.667c-23.467 0-42.667-19.2-42.667-42.667v-170.667h85.333zM853.333 810.667c0 23.467-19.2 42.667-42.667 42.667h-42.667c-23.467 0-42.667-19.2-42.667-42.667v-128c0-23.467 19.2-42.667 42.667-42.667h85.333v170.667z"
        ],
        "attrs": [],
        "isMulticolor": false,
        "isMulticolor2": false,
        "tags": [
          "headphones"
        ],
        "grid": 24
      },
      "attrs": [],
      "properties": {
        "id": 5,
        "order": 44,
        "prevSize": 24,
        "code": 59655,
        "name": "headphones"
      },
      "setIdx": 4,
      "setId": 3,
      "iconIdx": 5
    },
    {
      "icon": {
        "paths": [
          "M919.467 166.4c-52.533-52.267-122.133-81.067-196.267-81.067s-143.733 28.8-196.267 81.333l-14.933 14.933-14.933-14.933c-52.533-52.533-122.133-81.333-196.267-81.333-153.067 0-277.333 124.533-277.333 277.333 0 74.133 28.8 143.733 81.333 196.267l377.067 377.067c8.267 8.267 19.2 12.533 30.133 12.533s21.867-4.267 30.133-12.533l377.067-377.067c52.533-52.267 81.333-122.133 81.333-196.267s-28.8-143.733-81.067-196.267zM858.933 498.4l-346.933 347.2-346.933-347.2c-36.267-36.267-56.267-84.533-56.267-135.733 0-105.867 86.133-192 192-192 51.2 0 99.467 20 135.733 56.267l45.333 45.333c8 8 18.933 12.533 30.133 12.533s22.133-4.533 30.133-12.533l45.333-45.333c36.267-36.267 84.533-56.267 135.733-56.267s99.467 20 135.733 56.267c0 0 0 0 0 0 36.267 36.267 56.267 84.533 56.267 135.733s-20 99.467-56.267 135.733z"
        ],
        "attrs": [],
        "isMulticolor": false,
        "isMulticolor2": false,
        "tags": [
          "heart"
        ],
        "grid": 24
      },
      "attrs": [],
      "properties": {
        "id": 6,
        "order": 43,
        "prevSize": 24,
        "code": 59656,
        "name": "heart"
      },
      "setIdx": 4,
      "setId": 3,
      "iconIdx": 6
    },
    {
      "icon": {
        "paths": [
          "M833.867 476l-597.333-384c-13.067-8.533-29.867-9.067-43.467-1.6s-22.133 21.867-22.133 37.333v768c0 15.733 8.533 29.867 22.133 37.333 6.4 3.467 13.333 5.333 20.533 5.333 8 0 16-2.4 23.2-6.667l597.333-384c12.267-7.733 19.467-21.333 19.467-36s-7.733-27.733-19.733-35.733zM256 817.867v-611.733l475.733 305.867-475.733 305.867z"
        ],
        "attrs": [],
        "isMulticolor": false,
        "isMulticolor2": false,
        "tags": [
          "play"
        ],
        "grid": 24
      },
      "attrs": [],
      "properties": {
        "id": 7,
        "order": 47,
        "prevSize": 24,
        "code": 59657,
        "name": "play22"
      },
      "setIdx": 4,
      "setId": 3,
      "iconIdx": 7
    },
    {
      "icon": {
        "paths": [
          "M810.667 469.333h-256v-256c0-23.467-19.2-42.667-42.667-42.667s-42.667 19.2-42.667 42.667v256h-256c-23.467 0-42.667 19.2-42.667 42.667s19.2 42.667 42.667 42.667h256v256c0 23.467 19.2 42.667 42.667 42.667s42.667-19.2 42.667-42.667v-256h256c23.467 0 42.667-19.2 42.667-42.667s-19.2-42.667-42.667-42.667z"
        ],
        "attrs": [],
        "isMulticolor": false,
        "isMulticolor2": false,
        "tags": [
          "plus"
        ],
        "grid": 24
      },
      "attrs": [],
      "properties": {
        "id": 8,
        "order": 46,
        "prevSize": 24,
        "code": 59658,
        "name": "plus"
      },
      "setIdx": 4,
      "setId": 3,
      "iconIdx": 8
    },
    {
      "icon": {
        "paths": [
          "M867.2 656c4.533-9.6 14.4-16 24.8-16h3.733c70.667 0 128-57.333 128-128s-57.333-128-128-128h-7.2c-9.333 0-17.6-4.533-22.667-12-0.533-2.933-1.6-5.6-2.667-8.267-1.6-3.467-2.4-7.467-2.4-11.467 0-7.2 2.667-14.133 7.733-19.2l2.4-2.4c24.267-24.267 37.6-56.267 37.6-90.667s-13.333-66.4-37.6-90.4c-24.267-24.267-56.267-37.6-90.667-37.6-34.133 0-66.4 13.333-90.667 37.6l-2.4 2.4c-5.067 5.067-12 7.733-19.2 7.733-3.733 0-7.733-0.8-10.933-2.133-0.533-0.267-1.067-0.533-1.6-0.533-9.867-4.533-16-14.4-16-24.8v-4.267c0-70.667-57.333-128-128-128s-128 57.333-128 128v7.2c0 9.333-4.533 17.6-12 22.667-2.933 0.533-5.6 1.6-8.267 2.667-3.467 1.6-7.467 2.4-11.467 2.4-7.2 0-14.133-2.667-19.2-7.733l-2.4-2.4c-24.267-24.267-56.267-37.6-90.667-37.6s-66.4 13.333-90.4 37.6c-23.733 24.267-37.067 56.267-37.067 90.667s13.333 66.4 37.6 90.667l2.4 2.4c5.067 5.067 7.733 12 7.733 19.2 0 3.733-0.8 7.733-2.133 10.933-0.533 1.067-1.067 2.4-1.333 3.733-4 10.133-13.6 17.067-24.8 17.333h-3.467c-70.667 0-128 57.333-128 128s57.333 128 128 128h7.2c11.2 0 20.8 6.667 25.6 17.067 0 0.267 0.267 0.533 0.267 0.8 1.333 3.2 2.133 6.933 2.133 10.4 0 7.2-2.667 14.133-7.733 19.2l-2.4 2.4c-24.267 24.267-37.6 56.267-37.6 90.667s13.333 66.4 37.6 90.4c24.267 24.267 56.267 37.6 90.667 37.6s66.4-13.333 90.4-37.6l2.4-2.4c5.067-5.067 12-7.733 19.2-7.733 3.733 0 7.733 0.8 10.933 2.133 1.067 0.533 2.4 1.067 3.733 1.333 10.133 4 17.067 13.6 17.333 24.8v3.2c0 70.667 57.333 128 128 128s128-57.333 128-128v-7.2c0-11.2 6.667-20.8 17.067-25.6 0.267 0 0.533-0.267 0.8-0.267 3.2-1.333 6.933-2.133 10.4-2.133 7.2 0 14.133 2.667 19.2 7.733l2.4 2.4c24.267 24.267 56.267 37.6 90.667 37.6s66.4-13.333 90.4-37.6c24.267-24.267 37.6-56.267 37.6-90.667 0-34.133-13.333-66.4-37.6-90.4l-2.4-2.4c-5.067-5.067-7.733-12-7.733-19.2 0-3.733 0.8-7.733 2.133-10.933 0.267-0.267 0.533-0.8 0.533-1.333zM788.8 622.4c-0.267 0.533-0.267 0.8-0.533 1.333-6.133 13.867-9.333 29.333-9.333 44.8 0 29.867 11.467 57.867 32.267 79.2 0 0 0.267 0.267 0.267 0.267l2.667 2.667c8 8 12.533 18.667 12.533 30.133s-4.533 22.133-12.533 30.133c-8 8-18.667 12.533-30.133 12.533s-22.133-4.533-30.133-12.533l-2.667-2.667c0 0-0.267-0.267-0.267-0.267-21.333-20.8-49.333-32.267-79.2-32.267-16.267 0-31.733 3.467-46.4 9.867-0.267 0.267-0.8 0.267-1.067 0.533-40.267 18.4-66.133 58.4-66.4 102.667v7.2c0 23.467-19.2 42.667-42.667 42.667s-42.667-19.2-42.667-42.667v-3.733c0-0.267 0-0.8 0-1.067-1.067-46.4-29.867-86.667-73.067-103.2-13.6-5.867-28.8-9.067-44.267-9.067-29.867 0-57.867 11.467-79.2 32.267 0 0-0.267 0.267-0.267 0.267l-2.667 2.667c-8 8-18.667 12.533-30.133 12.533s-22.133-4.533-30.133-12.533c-8-8-12.533-18.667-12.533-30.133s4.533-22.133 12.533-30.133l2.933-2.933c20.8-21.333 32.267-49.333 32.267-79.2 0-16-3.467-31.733-9.867-46.4-0.267-0.267-0.267-0.8-0.533-1.067-18.4-40.267-58.4-66.133-102.667-66.133h-6.933c-23.467 0-42.667-19.2-42.667-42.667s19.2-42.667 42.667-42.667h3.733c0.267 0 0.8 0 1.067 0 46.4-1.067 86.667-29.867 103.2-73.067 5.867-13.6 9.067-28.8 9.067-44.267 0-29.867-11.467-57.867-32.267-79.2 0 0-0.267-0.267-0.267-0.267l-2.667-2.667c-8-8-12.533-18.667-12.533-30.133s4.533-22.133 12.533-30.133c8-8 18.667-12.533 30.133-12.533s22.133 4.533 30.133 12.533l2.667 2.667c0 0 0.267 0.267 0.267 0.267 21.333 20.8 49.333 32.267 79.2 32.267 12.8 0 25.6-2.133 37.6-6.4 4-0.533 7.733-1.6 11.467-3.2 41.333-18.133 68-58.667 68.267-103.467v-7.2c0-23.467 19.2-42.667 42.667-42.667s42.667 19.2 42.667 42.667v4c0.267 44.8 26.667 85.333 67.733 103.2 0.267 0.267 0.8 0.267 1.067 0.533 13.867 6.133 29.333 9.333 44.8 9.333 29.867 0 57.867-11.467 79.2-32.267 0 0 0.267-0.267 0.267-0.267l2.667-2.667c8-8 18.667-12.533 30.133-12.533s22.133 4.533 30.133 12.533c8 8 12.533 18.667 12.533 30.133s-4.533 22.133-12.533 30.133l-2.667 2.667c0 0-0.267 0.267-0.267 0.267-20.8 21.333-32.267 49.333-32.267 79.2 0 12.8 2.133 25.6 6.4 37.6 0.533 4 1.6 7.733 3.2 11.467 18.133 41.333 58.667 68 103.467 68.267h7.2c23.467 0 42.667 19.2 42.667 42.667s-19.2 42.667-42.667 42.667h-4c-44.8 0-85.333 26.4-103.2 67.467z",
          "M512 341.333c-94.133 0-170.667 76.533-170.667 170.667s76.533 170.667 170.667 170.667c94.133 0 170.667-76.533 170.667-170.667s-76.533-170.667-170.667-170.667zM512 597.333c-46.933 0-85.333-38.4-85.333-85.333s38.4-85.333 85.333-85.333c46.933 0 85.333 38.4 85.333 85.333s-38.4 85.333-85.333 85.333z"
        ],
        "attrs": [
          {},
          {}
        ],
        "isMulticolor": false,
        "isMulticolor2": false,
        "tags": [
          "cog"
        ],
        "grid": 24
      },
      "attrs": [
        {},
        {}
      ],
      "properties": {
        "order": 1,
        "id": 9,
        "prevSize": 24,
        "code": 59652,
        "name": "cog"
      },
      "setIdx": 4,
      "setId": 3,
      "iconIdx": 9
    },
    {
      "icon": {
        "paths": [
          "M926.133 865.867l-193.333-193.333c48.8-61.867 77.867-140 77.867-224.533 0-200-162.667-362.667-362.667-362.667s-362.667 162.667-362.667 362.667c0 200 162.667 362.667 362.667 362.667 84.533 0 162.667-29.067 224.267-77.867l193.333 193.333c8.267 8.267 19.2 12.533 30.133 12.533s21.867-4.267 30.133-12.533c17.067-16.533 17.067-43.733 0.267-60.267zM170.667 448c0-152.8 124.533-277.333 277.333-277.333s277.333 124.533 277.333 277.333c0 75.733-30.4 144.267-79.733 194.4-0.533 0.533-1.067 1.067-1.6 1.6s-1.067 1.067-1.6 1.6c-50.133 49.333-118.667 79.733-194.4 79.733-152.8 0-277.333-124.533-277.333-277.333z"
        ],
        "attrs": [
          {}
        ],
        "isMulticolor": false,
        "isMulticolor2": false,
        "tags": [
          "search"
        ],
        "grid": 24
      },
      "attrs": [
        {}
      ],
      "properties": {
        "order": 1,
        "id": 10,
        "name": "search",
        "prevSize": 24,
        "code": 59653
      },
      "setIdx": 4,
      "setId": 3,
      "iconIdx": 10
    },
    {
      "icon": {
        "paths": [
          "M896 448h16c26.4 0 48-21.6 48-48v-160c0-26.4-21.6-48-48-48h-16v-192h-128v192h-16c-26.4 0-48 21.6-48 48v160c0 26.4 21.6 48 48 48h16v576h128v-576zM768 256h128v128h-128v-128zM592 832c26.4 0 48-21.6 48-48v-160c0-26.4-21.6-48-48-48h-16v-576h-128v576h-16c-26.4 0-48 21.6-48 48v160c0 26.4 21.6 48 48 48h16v192h128v-192h16zM448 640h128v128h-128v-128zM272 448c26.4 0 48-21.6 48-48v-160c0-26.4-21.6-48-48-48h-16v-192h-128v192h-16c-26.4 0-48 21.6-48 48v160c0 26.4 21.6 48 48 48h16v576h128v-576h16zM128 256h128v128h-128v-128z"
        ],
        "attrs": [],
        "isMulticolor": false,
        "isMulticolor2": false,
        "tags": [
          "equalizer",
          "sliders",
          "settings",
          "preferences",
          "dashboard",
          "control"
        ],
        "defaultCode": 59795,
        "grid": 16
      },
      "attrs": [],
      "properties": {
        "ligatures": "equalizer2, sliders2",
        "name": "equalizer",
        "order": 35,
        "id": 0,
        "prevSize": 16,
        "code": 59795
      },
      "setIdx": 5,
      "setId": 2,
      "iconIdx": 0
    },
    {
      "icon": {
        "paths": [
          "M512 0c-281.6 0-512 230.4-512 512s230.4 512 512 512 512-230.4 512-512-227.8-512-512-512zM747.6 739.8c-10.2 15.4-28.2 20.4-43.6 10.2-120.4-74.2-271.4-89.6-450.6-48.6-18 5.2-33.2-7.6-38.4-23-5.2-18 7.6-33.2 23-38.4 194.6-43.6 363.6-25.6 496.6 56.4 18 7.6 20.6 28 13 43.4zM809 599c-12.8 18-35.8 25.6-53.8 12.8-138.2-84.4-348.2-110-509.4-58.8-20.4 5.2-43.6-5.2-48.6-25.6-5.2-20.4 5.2-43.6 25.6-48.6 186.8-56.4 417.2-28.2 576 69.2 15.2 7.6 23 33.2 10.2 51zM814 455.6c-163.8-97.2-437.8-107.6-594-58.8-25.6 7.6-51.2-7.6-58.8-30.8-7.6-25.6 7.6-51.2 30.8-58.8 181.8-53.8 481.2-43.6 670.8 69.2 23 12.8 30.8 43.6 18 66.6-13 17.8-43.6 25.4-66.8 12.6z"
        ],
        "attrs": [],
        "isMulticolor": false,
        "isMulticolor2": false,
        "tags": [
          "spotify",
          "brand",
          "social"
        ],
        "defaultCode": 60052,
        "grid": 16
      },
      "attrs": [],
      "properties": {
        "name": "spotify",
        "ligatures": "spotify, brand14",
        "order": 11,
        "id": 5,
        "prevSize": 16,
        "code": 60052
      },
      "setIdx": 5,
      "setId": 2,
      "iconIdx": 5
    },
    {
      "icon": {
        "paths": [
          "M512 0c-282.8 0-512 229.2-512 512s229.2 512 512 512 512-229.2 512-512-229.2-512-512-512zM512 970c-254 0-460-206-460-460s206-460 460-460 460 206 460 460-206 460-460 460zM384 288l384 224-384 224v-448z"
        ],
        "tags": [
          "play",
          "player"
        ],
        "defaultCode": 59925,
        "grid": 16,
        "attrs": [
          {}
        ],
        "isMulticolor": false,
        "isMulticolor2": false
      },
      "attrs": [
        {}
      ],
      "properties": {
        "ligatures": "play2, player",
        "name": "play",
        "order": 4,
        "id": 278,
        "prevSize": 16,
        "code": 59925
      },
      "setIdx": 6,
      "setId": 1,
      "iconIdx": 277
    },
    {
      "icon": {
        "paths": [
          "M512 0c-282.8 0-512 229.2-512 512s229.2 512 512 512 512-229.2 512-512-229.2-512-512-512zM512 970c-254 0-460-206-460-460s206-460 460-460 460 206 460 460-206 460-460 460zM320 320h128v384h-128v-384zM576 320h128v384h-128v-384z"
        ],
        "tags": [
          "pause",
          "player"
        ],
        "defaultCode": 59926,
        "grid": 16,
        "attrs": [
          {}
        ],
        "isMulticolor": false,
        "isMulticolor2": false
      },
      "attrs": [
        {}
      ],
      "properties": {
        "ligatures": "pause, player2",
        "name": "pause",
        "order": 5,
        "id": 279,
        "prevSize": 16,
        "code": 59926
      },
      "setIdx": 6,
      "setId": 1,
      "iconIdx": 278
    }
  ],
  "height": 1024,
  "metadata": {
    "name": "icomoon"
  },
  "preferences": {
    "showGlyphs": true,
    "showQuickUse": true,
    "showQuickUse2": true,
    "showSVGs": true,
    "fontPref": {
      "prefix": "icon-",
      "metadata": {
        "fontFamily": "icomoon",
        "majorVersion": 1,
        "minorVersion": 0
      },
      "metrics": {
        "emSize": 1024,
        "baseline": 6.25,
        "whitespace": 50
      },
      "embed": false,
      "showSelector": false,
      "showMetrics": false
    },
    "imagePref": {
      "prefix": "icon-",
      "png": true,
      "useClassSelector": true,
      "color": 0,
      "bgColor": 16777215,
      "classSelector": ".icon"
    },
    "historySize": 50,
    "showCodes": true,
    "gridSize": 16
  }
}